method,n,best_loss_median,best_loss_iqr,best_loss_mean,best_loss_std,iter_at_best_median,iter_at_best_iqr,iter_at_best_mean,iter_at_best_std,time_at_best_median,time_at_best_iqr,time_at_best_mean,time_at_best_std,work_at_best_median,work_at_best_iqr,work_at_best_mean,work_at_best_std
D-LBFGS,10,2.0928688049316406,"[2.033, 6.31]",5.626010584831238,7.642494807465892,400.0,"[400, 400]",400.0,0.0,2.895287871360779,"[2.802, 3.157]",2.9857569456100466,0.32686094117283043,3719.5,"[3556, 4024]",3814.4,439.3159328875848
GD,10,63.686079025268555,"[46.91, 169.3]",100.26513214111328,68.16324785156704,399.0,"[399, 399]",399.0,0.0,3.8034528493881226,"[3.707, 3.835]",3.789715886116028,0.11294582719946279,5170.0,"[5152, 5229]",5190.1,62.927559763411914
L-BFGS,10,4.521797299385071,"[3.246, 8.839]",8.318896698951722,9.738951758169346,400.0,"[400, 400]",400.0,0.0,0.7451919317245483,"[0.7332, 0.7533]",0.745447039604187,0.013308558976575287,828.5,"[825.5, 830]",827.5,4.089281382128433
PGD (Diag GN precond),10,12.959999084472656,"[11.64, 16.13]",39.63664932250977,58.26388648840293,399.0,"[399, 399]",399.0,0.0,15.246445178985596,"[15.09, 15.36]",15.215067553520203,0.19281647357611462,4242.0,"[4135, 4278]",4148.4,306.2116914815631
