method,n,ls_total_median,ls_total_iqr,ls_total_mean,ls_total_std,ls_mean_per_iter_median,ls_mean_per_iter_iqr,ls_mean_per_iter_mean,ls_mean_per_iter_std
D-LBFGS,10,3318.5,"[3154, 3624]",3413.4,439.3159328875848,8.275561097256858,"[7.867, 9.036]",8.512219451371571,1.0955509548318825
GD,10,4770.0,"[4752, 4829]",4790.1,62.927559763411914,11.925,"[11.88, 12.07]",11.975249999999999,0.15731889940852942
L-BFGS,10,427.5,"[424.5, 429]",426.5,4.089281382128433,1.0660847880299251,"[1.059, 1.07]",1.0635910224438905,0.01019770918236515
PGD (Diag GN precond),10,3842.0,"[3735, 3878]",3748.4,306.2116914815631,9.605,"[9.338, 9.695]",9.370999999999999,0.7655292287039076
