method,n,best_loss_median,best_loss_iqr,best_loss_mean,best_loss_std,iter_at_best_median,iter_at_best_iqr,iter_at_best_mean,iter_at_best_std,time_at_best_median,time_at_best_iqr,time_at_best_mean,time_at_best_std,work_at_best_median,work_at_best_iqr,work_at_best_mean,work_at_best_std
D-LBFGS,10,5.870319604873657,"[3.104, 10.9]",6.699393248558044,4.616165338481269,301.0,"[218.2, 352.2]",292.2,83.92960012878518,1.2607121467590332,"[1.184, 1.962]",1.5171710014343263,0.5231937789945046,1553.5,"[1458, 2423]",1882.3,676.7300545022857
GD,10,8.478700876235962,"[5.04, 12.6]",8.762590694427491,4.101324581680982,399.0,"[399, 399]",399.0,0.0,3.9740995168685913,"[3.953, 4.225]",4.108195233345032,0.2707900439927881,5492.0,"[5440, 5866]",5689.6,406.1100562381801
L-BFGS,10,5.868695020675659,"[3.105, 10.9]",6.70006582736969,4.616644872121405,400.0,"[400, 400]",399.4,1.8973665961010275,0.7810739278793335,"[0.77, 0.7934]",0.7799266576766968,0.018579238297369183,877.5,"[868.8, 887.8]",879.8,16.982343772283023
PGD (Diag GN precond),10,12.889058113098145,"[6.818, 30.06]",23.34420065879822,26.659020865157142,399.0,"[399, 399]",399.0,0.0,12.860270500183105,"[12.76, 12.93]",12.951775646209716,0.37198950830289457,881.0,"[868.2, 1038]",1082.7,499.69436214105474
